T,expiration,atm_iv,skew_slope,T_jours
0.019178082191780823,2022-08-08,0.1822769555497333,-0.7828069678354738,7.0
0.024657534246575342,2022-08-10,0.20020638119713274,-0.7598029179073692,9.0
0.030136986301369864,2022-08-12,0.20241687562250138,-0.7643057247825489,11.0
0.038356164383561646,2022-08-15,0.1902980618099901,-0.7128625728179347,14.0
0.043835616438356165,2022-08-17,0.19458001278356785,-0.7318665109922685,16.0
0.049315068493150684,2022-08-19,0.19798154475229213,-0.7351393744626464,18.0
0.057534246575342465,2022-08-22,0.19057283235147449,-0.7079299002355689,21.0
0.06301369863013699,2022-08-24,0.1939255340854954,-0.717735876683625,23.0
0.0684931506849315,2022-08-26,0.201634399932998,-0.7381285113102671,25.0
0.07671232876712329,2022-08-29,0.1971374994198713,-0.7119909957402911,28.0
0.0821917808219178,2022-08-31,0.20071505418370625,-0.710700556982525,30.0
0.08767123287671233,2022-09-02,0.20372267686978512,-0.7016607915320214,32.0
0.09863013698630137,2022-09-06,0.19733667995434453,-0.6750538924607733,36.0
0.10684931506849316,2022-09-09,0.20121972717716002,-0.6659719485377845,39.0
0.12602739726027398,2022-09-16,0.20945048760277238,-0.6404471138772595,46.0
0.1643835616438356,2022-09-30,0.21175503468103368,-0.5802918991012742,60.0
0.2219178082191781,2022-10-21,0.21347682686789707,-0.5132031149030747,81.0
0.29863013698630136,2022-11-18,0.21831966356754348,-0.4595154555800928,109.0
0.37534246575342467,2022-12-16,0.22168717625215037,-0.44054501355286124,137.0
0.4136986301369863,2022-12-30,0.2214961944243275,-0.4244841198059859,151.0
0.4712328767123288,2023-01-20,0.2215243306556348,-0.39876363817626664,172.0
0.6246575342465753,2023-03-17,0.22157495777032069,-0.3613206358023515,228.0
0.663013698630137,2023-03-31,0.22467005655786546,-0.3538222395571777,242.0
0.873972602739726,2023-06-16,0.22493013749571092,-0.3144718512158266,319.0
0.9123287671232877,2023-06-30,0.22440507194049572,-0.31771144761570236,333.0
1.1232876712328768,2023-09-15,0.22498920940902647,-0.2876884825325947,410.0
1.3726027397260274,2023-12-15,0.22655963864233136,-0.2515557706908787,501.0
1.4684931506849315,2024-01-19,0.22365576970390896,-0.2484566948604923,536.0
1.8904109589041096,2024-06-21,0.22243488263216163,-0.21059882586696635,690.0
2.389041095890411,2024-12-20,0.21941265559588105,-0.1869958586251054,872.0
