Entrée,Échéance,Strike,Spot entrée,Spot échéance,IV entrée (%),Vol réalisée (%),Prime,P&L couvert,P&L non couvert,IV − RV (pts),P&L couvert / prime (%)
2022-01-03,2022-02-02,478.0,477.77,457.23,12.087,18.567755864655588,6.579827521879508,-1.581196106191377,6.5906525715734965,-6.480755864655588,-24.030965871575205
2022-02-01,2022-03-02,453.0,452.88,437.79,17.93,23.17125046695815,9.148669748251592,-1.7806358190995866,9.163218917006375,-5.2412504669581494,-19.463330386801697
2022-03-01,2022-03-31,430.0,429.99,451.77,27.022000000000002,22.773816659580522,13.350376161994632,1.5936478535739411,-8.39765996662628,4.24818334041948,11.937100754589075
2022-04-01,2022-05-02,453.0,452.92,414.55,15.863,25.12111621291379,8.396970524827225,-0.8144271584581295,8.411245992957806,-9.25811621291379,-9.699059393505339
2022-05-02,2022-06-01,415.0,414.55,409.64,27.115000000000002,31.963226400625828,12.702311568545099,-2.032153141091584,12.723209252185102,-4.848226400625826,-15.998293933553255
2022-06-01,2022-07-01,410.0,409.64,381.2,23.588,30.729612418584278,10.942882669526938,-1.9421564827586735,10.960885762814598,-7.141612418584277,-17.748124890044473
2022-07-01,2022-08-01,381.0,381.2,410.72,23.763,18.993832546840295,10.692841154814715,0.7986479566461071,-19.008980227947156,4.769167453159707,7.468996734198153
2022-08-01,2022-08-31,411.0,410.72,395.13,19.73,19.760828621679735,9.20144615146262,-1.2369148591419594,9.216584255237365,-0.03082862167973488,-13.44261368030008
2022-09-01,2022-09-30,396.0,396.39,357.27,23.084,24.55179106101123,10.544018275398685,-1.1684588794811468,10.560786472903201,-1.46779106101123,-11.081722821055768
2022-10-03,2022-11-02,367.0,366.62,374.86,25.897,27.410151957253706,10.732441265500768,-0.7956165623526203,2.8900981432305315,-1.513151957253708,-7.413192792492747
2022-11-01,2022-11-30,385.0,384.59,407.54,24.745,28.123392824583274,10.562344453340529,-1.5851647478415316,-11.960858204955562,-3.3783928245832726,-15.007697910667883
2022-12-01,2022-12-30,407.0,407.4,382.44,18.729000000000003,20.234471233210545,8.84651001193356,-0.2082179249695588,8.860578654763202,-1.5054712332105424,-2.3536730833818287
