Fréquence,Rebal. / jour,Frais (bp),Erreur de couverture (écart-type),Frais moyens,P&L moyen net,Écart-type net,Coût total = écart-type + frais
30 min,13.0,0.0,0.12189727548584163,0.0,0.0005464846494041196,0.12189727548584163,0.12189727548584163
30 min,13.0,1.0,0.12189727548584163,0.0966363109767817,-0.09608982632737759,0.1278689771166832,0.21853358646262333
30 min,13.0,5.0,0.12189727548584163,0.48318155488390846,-0.48263507023450436,0.2138824889863713,0.6050788303697501
30 min,13.0,10.0,0.12189727548584163,0.9663631097678169,-0.9658166251184129,0.36770274204107917,1.0882603852536585
1 h,6.5,0.0,0.1715600991587872,0.0,0.0010489428434616583,0.1715600991587872,0.1715600991587872
1 h,6.5,1.0,0.1715600991587872,0.07002305588530247,-0.06897411304184081,0.17435556366601795,0.24158315504408967
1 h,6.5,5.0,0.1715600991587872,0.3501152794265124,-0.34906633658305075,0.21473549581011384,0.5216753785852996
1 h,6.5,10.0,0.1715600991587872,0.7002305588530248,-0.6991816160095631,0.3039712577988912,0.871790658011812
2 h,3.25,0.0,0.23999126744341417,0.0,0.0009894825476763612,0.23999126744341417,0.23999126744341417
2 h,3.25,1.0,0.23999126744341417,0.05121598396867335,-0.050226501420997,0.24151974898327816,0.29120725141208753
2 h,3.25,5.0,0.23999126744341417,0.25607991984336675,-0.25509043729569036,0.25937085631303247,0.4960711872867809
2 h,3.25,10.0,0.23999126744341417,0.5121598396867335,-0.5111703571390571,0.30322350939619863,0.7521511071301477
1 / jour,1.0,0.0,0.4341272515176164,0.0,-0.005961145806079529,0.4341272515176164,0.4341272515176164
1 / jour,1.0,1.0,0.4341272515176164,0.03108520178426113,-0.03704634759034066,0.435222589117163,0.4652124533018775
1 / jour,1.0,5.0,0.4341272515176164,0.15542600892130565,-0.16138715472738518,0.4417757727766194,0.589553260438922
1 / jour,1.0,10.0,0.4341272515176164,0.3108520178426113,-0.31681316364869083,0.45465449406640485,0.7449792693602277
1 / 2 jours,0.5,0.0,0.6076206798409185,0.0,-0.003913106614849425,0.6076206798409185,0.6076206798409185
1 / 2 jours,0.5,1.0,0.6076206798409185,0.023857802222454004,-0.027770908837303425,0.6085995642733143,0.6314784820633725
1 / 2 jours,0.5,5.0,0.6076206798409185,0.11928901111227003,-0.12320211772711943,0.6133617687694198,0.7269096909531885
1 / 2 jours,0.5,10.0,0.6076206798409185,0.23857802222454005,-0.24249112883938942,0.6211804182023037,0.8461987020654586
1 / semaine,0.2,0.0,0.9285895472197129,0.0,0.019057123014711082,0.9285895472197129,0.9285895472197129
1 / semaine,0.2,1.0,0.9285895472197129,0.017450866952312113,0.001606256062398971,0.9292347608602302,0.946040414172025
1 / semaine,0.2,5.0,0.9285895472197129,0.08725433476156055,-0.06819721174684948,0.9320647367207598,1.0158438819812734
1 / semaine,0.2,10.0,0.9285895472197129,0.1745086695231211,-0.15545154650841006,0.9361583442114983,1.103098216742834
